label,mean_intensity,std_intensity,contrast,entropy,gradient
Viral Pneumonia,139.3564,43.010323,0.30863544,28245.414,37.505577
Viral Pneumonia,121.60941,67.22998,0.55283535,23168.53,55.852898
Viral Pneumonia,92.91601,53.90486,0.58014613,21401.176,45.037006
Viral Pneumonia,130.47113,54.56473,0.41821307,26457.186,38.325394
Viral Pneumonia,131.08136,53.91934,0.41134253,26166.5,33.003395
Viral Pneumonia,102.11296,45.066044,0.4413352,23151.97,42.20334
Viral Pneumonia,134.20044,51.18951,0.3814407,26896.082,39.275326
Viral Pneumonia,150.02634,48.79488,0.3252421,28031.2,34.064575
Viral Pneumonia,164.82317,52.809296,0.32039973,25923.77,51.8992
Viral Pneumonia,109.09908,63.91969,0.5858866,22076.643,50.425983
Viral Pneumonia,156.35292,65.8439,0.4211236,23718.844,48.750595
Viral Pneumonia,121.04358,62.68975,0.5179106,23331.383,53.73687
Viral Pneumonia,130.31656,62.680042,0.48098296,24696.377,55.620857
Viral Pneumonia,122.79312,67.68718,0.5512294,23365.844,56.646877
Viral Pneumonia,149.56679,52.63899,0.35194302,26555.389,54.647934
Viral Pneumonia,131.33493,61.350002,0.4671263,24917.082,44.86919
Viral Pneumonia,121.17748,47.89485,0.39524546,26259.21,38.019333
Viral Pneumonia,107.5506,47.289455,0.43969494,23985.953,37.898827
Viral Pneumonia,137.53668,54.27355,0.39461145,26336.152,41.044235
Viral Pneumonia,114.532104,69.20307,0.6042242,22369.996,44.89027
Viral Pneumonia,124.77387,55.608093,0.44567096,25336.12,50.260193
Viral Pneumonia,152.29295,65.167755,0.4279105,23310.34,61.76576
Viral Pneumonia,102.55166,38.84699,0.3788041,24215.668,31.929081
Viral Pneumonia,130.07547,63.55713,0.48861733,23893.754,56.621166
Viral Pneumonia,77.19191,36.523724,0.4731548,18193.164,33.937546
Viral Pneumonia,111.53269,57.03201,0.5113479,23237.342,46.94223
Viral Pneumonia,106.46646,49.51929,0.46511635,23161.098,40.88048
Viral Pneumonia,120.231186,54.16021,0.45046723,24569.143,42.53048
Viral Pneumonia,152.6904,43.2041,0.2829523,28644.766,36.93804
Viral Pneumonia,122.60793,68.396416,0.5578466,22772.752,49.31096
Viral Pneumonia,147.89297,32.64597,0.2207405,30186.535,20.848703
Viral Pneumonia,114.11313,54.34427,0.47623152,23787.502,41.390858
Viral Pneumonia,141.48341,73.02884,0.5161654,22462.873,51.326115
Viral Pneumonia,143.59451,74.57481,0.519343,21265.518,59.861843
Viral Pneumonia,130.8083,56.868042,0.43474337,25637.463,41.65987
Viral Pneumonia,113.34549,69.59354,0.6139948,22062.68,43.67321
Viral Pneumonia,121.21065,60.786556,0.5014952,24112.17,47.500412
Viral Pneumonia,118.34151,66.94668,0.5657075,23080.23,42.928272
Viral Pneumonia,130.56294,65.10293,0.49863252,24016.512,46.596466
Viral Pneumonia,128.57759,61.065147,0.47492838,24411.74,48.201065
Viral Pneumonia,132.1183,71.751785,0.5430874,22865.504,47.54587
Viral Pneumonia,119.48393,61.839386,0.517554,24175.4,40.823032
Viral Pneumonia,115.357605,67.36097,0.58393174,22144.676,49.937077
Viral Pneumonia,125.8307,77.70457,0.6175327,20747.783,65.22816
Viral Pneumonia,101.541985,52.585632,0.51787084,21945.873,46.45618
Viral Pneumonia,109.07878,63.412544,0.5813463,22391.594,53.06602
Viral Pneumonia,82.08229,34.412792,0.41924748,19862.9,35.79386
Viral Pneumonia,135.62534,52.568752,0.38760275,26341.555,42.65983
Viral Pneumonia,88.17902,49.847218,0.56529564,19168.639,38.63087
Viral Pneumonia,115.9288,61.756527,0.5327108,23346.617,49.182175
Viral Pneumonia,112.46445,52.421207,0.4661136,23599.309,45.269035
Viral Pneumonia,128.47746,53.542557,0.41674668,25853.3,33.938145
Viral Pneumonia,107.0838,60.02301,0.5605237,21992.143,59.05696
Viral Pneumonia,106.991646,43.436882,0.40598387,24289.797,31.737228
Viral Pneumonia,104.75444,59.513126,0.5681203,22660.084,48.77644
Viral Pneumonia,160.0967,44.819138,0.2799504,28305.045,39.51861
Viral Pneumonia,113.7697,50.26705,0.44183162,24218.18,48.494076
Viral Pneumonia,124.60186,69.402916,0.5569974,23132.11,53.083908
Viral Pneumonia,146.62823,43.994965,0.3000443,28471.059,36.79205
Viral Pneumonia,110.00118,63.798946,0.5799842,22749.186,38.592506
Viral Pneumonia,108.7016,73.539825,0.6765294,20823.598,46.782692
Viral Pneumonia,155.10338,45.52115,0.2934891,28591.213,32.872974
Viral Pneumonia,93.00612,59.660107,0.6414643,20648.246,47.887123
Viral Pneumonia,131.59915,63.73546,0.48431513,24246.82,51.173256
Viral Pneumonia,115.25775,51.919075,0.45046058,25263.072,47.913124
Viral Pneumonia,109.479515,49.890827,0.45570925,24658.602,43.007698
Viral Pneumonia,127.021675,66.35322,0.52237713,23541.275,44.022976
Viral Pneumonia,117.64784,74.80517,0.6358397,20887.736,59.140274
Viral Pneumonia,121.14355,78.08192,0.6445404,20508.195,59.485676
Viral Pneumonia,145.50658,43.893707,0.30166134,28606.646,25.589872
Viral Pneumonia,144.33446,32.88254,0.22782184,29962.484,22.187544
Viral Pneumonia,120.33835,51.66767,0.42935333,25339.973,44.737377
Viral Pneumonia,142.85132,71.56049,0.5009439,22676.828,51.46185
Viral Pneumonia,120.160095,57.812347,0.48112768,24792.854,47.45716
Viral Pneumonia,129.64644,57.53083,0.44375172,25532.309,42.395718
Viral Pneumonia,156.46323,57.451283,0.3671871,25647.834,48.302708
Lung_Opacity,111.858826,60.049454,0.5368325,22706.025,30.320683
Lung_Opacity,83.13508,58.292892,0.70118284,18380.094,53.310226
Lung_Opacity,108.42757,63.047768,0.5814736,21809.709,28.35515
Lung_Opacity,77.64028,57.184254,0.73652816,16545.004,51.425705
Lung_Opacity,111.54496,53.94881,0.4836508,23839.695,29.61551
Lung_Opacity,118.01646,73.84282,0.62569934,21909.041,68.207825
Lung_Opacity,121.52687,71.6622,0.5896819,22613.076,54.627663
Lung_Opacity,113.45204,55.49042,0.48910907,23749.66,55.420876
Lung_Opacity,158.71991,53.202713,0.33519873,26459.324,42.938187
Lung_Opacity,118.171936,45.21024,0.38258016,25966.36,21.580063
Lung_Opacity,126.91591,55.02339,0.4335421,25354.965,47.23872
Lung_Opacity,108.31108,57.497456,0.53085476,23049.338,35.832813
Lung_Opacity,148.69669,60.62565,0.4077135,24394.93,40.938
Lung_Opacity,121.9065,64.26338,0.527153,22759.26,48.797836
Lung_Opacity,118.48854,53.083923,0.44800892,25561.232,27.55611
Lung_Opacity,117.05771,67.11516,0.573351,22023.336,45.21574
Lung_Opacity,111.58203,42.623257,0.3819903,25227.068,25.868685
Lung_Opacity,95.61964,62.481876,0.6534419,20497.93,37.98055
Lung_Opacity,154.68896,55.912045,0.36144817,25324.672,40.413513
Lung_Opacity,173.10661,51.369904,0.296753,24598.047,33.060574
Lung_Opacity,170.6057,50.59158,0.29654098,25635.502,38.72081
Lung_Opacity,155.73409,54.529087,0.35014227,26029.977,35.07835
Lung_Opacity,124.90783,78.517105,0.62860036,19919.53,48.52909
Lung_Opacity,66.20246,82.002914,1.2386687,11667.312,42.934616
Lung_Opacity,113.69007,47.03617,0.41372275,25143.621,38.696148
Lung_Opacity,129.48311,58.149864,0.44909227,24912.93,45.467873
Lung_Opacity,124.34143,40.229946,0.32354417,27482.594,47.86909
Lung_Opacity,114.87084,54.36575,0.47327718,24325.775,23.112095
Lung_Opacity,135.78868,55.145695,0.40611407,25628.742,39.259144
Lung_Opacity,115.16727,73.12181,0.63491833,20600.77,49.736324
Lung_Opacity,119.01594,58.218197,0.48916304,24600.943,32.80142
Lung_Opacity,118.79326,42.92521,0.3613438,26688.22,26.864685
Lung_Opacity,169.24908,52.90416,0.31258166,24852.39,33.496464
Lung_Opacity,164.12962,62.381947,0.3800773,23514.896,46.218945
Lung_Opacity,151.18823,55.690357,0.36835113,25868.633,38.764503
Lung_Opacity,167.0182,49.086815,0.293901,26694.143,24.976805
Lung_Opacity,121.75575,53.80546,0.4419131,24894.709,53.772026
Lung_Opacity,162.00584,53.506237,0.3302735,25455.191,33.481277
Lung_Opacity,126.68796,78.77494,0.6218029,18533.307,25.056318
Lung_Opacity,128.97505,66.89326,0.5186527,22782.012,43.16713
Lung_Opacity,146.93306,64.00725,0.43562183,23539.81,37.579834
Lung_Opacity,132.14618,65.683365,0.4970508,23510.48,49.08616
Lung_Opacity,131.42654,58.25636,0.44326174,25671.914,33.379417
Lung_Opacity,110.83206,52.277916,0.47168586,24355.012,22.803326
Lung_Opacity,140.83107,68.198135,0.4842549,22642.2,45.862366
Lung_Opacity,109.104576,75.61825,0.6930804,18209.848,40.410946
Lung_Opacity,159.19537,61.192337,0.38438514,24322.145,47.20118
Lung_Opacity,124.43404,58.69332,0.47168222,24601.967,35.021927
Lung_Opacity,115.757355,64.79064,0.5597108,22531.582,42.959084
Lung_Opacity,125.93598,53.7622,0.426901,25261.053,33.024242
Lung_Opacity,130.03505,58.595493,0.45061308,25142.871,49.22305
Lung_Opacity,110.25399,60.26205,0.5465748,22857.07,37.2033
Lung_Opacity,115.201195,45.63352,0.3961202,25157.15,38.911232
Lung_Opacity,112.29587,40.897213,0.36419162,25779.97,22.403566
Lung_Opacity,141.60811,64.612526,0.456277,24387.143,35.704475
Lung_Opacity,113.30067,41.892788,0.36974883,25747.904,35.66627
Lung_Opacity,123.250275,47.144264,0.3825084,25947.951,17.36666
Lung_Opacity,112.29368,52.03553,0.46338788,24136.4,29.94825
Lung_Opacity,110.73206,47.178364,0.42605874,24572.93,37.449688
Lung_Opacity,89.19443,67.35301,0.75512576,18578.453,61.66005
Lung_Opacity,132.29358,53.8434,0.40699935,26322.07,41.25467
Lung_Opacity,120.43531,56.353104,0.4679118,24457.01,55.39607
Lung_Opacity,100.19104,53.846348,0.5374368,21968.559,50.790333
Lung_Opacity,105.575096,58.486176,0.553977,22523.75,34.620186
Lung_Opacity,117.79419,57.36906,0.48702794,23946.016,34.417282
Lung_Opacity,180.12993,50.388493,0.27973416,24105.367,40.574554
Lung_Opacity,164.61687,59.157967,0.35936758,23904.156,42.516552
Lung_Opacity,117.35928,55.368347,0.47178498,24107.873,37.747196
Lung_Opacity,179.87395,41.98738,0.23342669,26208.484,16.057909
Lung_Opacity,128.2607,52.05788,0.40587553,25495.748,21.23899
Lung_Opacity,117.00065,54.46002,0.46546766,24792.01,39.6641
Lung_Opacity,113.48063,50.826702,0.4478888,24449.99,41.244656
Lung_Opacity,161.9385,48.499184,0.29949135,27584.629,33.91989
Lung_Opacity,121.43966,44.54138,0.3667779,26168.512,42.77768
Lung_Opacity,108.25324,50.38278,0.4654159,23726.72,31.771458
Lung_Opacity,147.37973,55.15412,0.3742314,26608.326,44.811882
Lung_Opacity,104.401474,39.902485,0.38220233,24242.297,23.867645
Lung_Opacity,167.9698,51.63296,0.3073943,25677.492,48.755123
Lung_Opacity,106.78208,65.62097,0.6145317,20431.541,35.400387
Lung_Opacity,173.88525,46.168236,0.26550978,26171.293,27.042852
Lung_Opacity,107.52084,69.47778,0.6461797,20405.541,65.363976
Lung_Opacity,158.1109,60.679565,0.3837785,23692.09,29.41159
Lung_Opacity,125.86936,61.322994,0.48719555,24088.422,54.62307
Lung_Opacity,111.776375,41.622246,0.3723707,25109.502,29.369371
Lung_Opacity,108.45,49.423927,0.45573008,23988.604,52.75994
Lung_Opacity,99.85105,75.702354,0.7581528,18091.361,73.33495
Lung_Opacity,131.49142,68.79341,0.5231779,22913.828,45.560806
Lung_Opacity,160.9401,49.013,0.3045419,26842.363,22.942373
Lung_Opacity,160.61787,48.102398,0.29948348,27247.389,39.68457
Lung_Opacity,149.83936,45.366608,0.3027683,28272.75,40.187294
Lung_Opacity,142.94849,59.46289,0.41597426,24873.29,45.578815
Lung_Opacity,110.39228,68.79845,0.62321794,21556.889,65.60666
Lung_Opacity,155.32632,64.852104,0.41752166,23048.447,26.990011
Lung_Opacity,152.61795,61.162136,0.40075323,24302.648,65.97721
Lung_Opacity,126.1238,41.499863,0.32904068,28003.559,32.25446
Lung_Opacity,135.92178,52.4477,0.3858668,26271.758,35.15349
Lung_Opacity,118.52712,67.48189,0.56933707,21012.238,23.326466
Lung_Opacity,119.00832,66.86148,0.5618219,20965.436,20.708738
Lung_Opacity,131.73178,59.417885,0.451052,24812.104,52.676334
Lung_Opacity,97.98604,60.765656,0.62014604,20325.457,58.32184
Normal,149.65,61.440266,0.41055977,23636.66,32.02685
Normal,137.01321,65.70168,0.47952807,22661.059,34.185165
Normal,168.17163,55.325726,0.3289837,24831.684,55.2632
Normal,103.93946,40.696724,0.39154258,24983.7,26.065174
Normal,102.580734,69.18203,0.6744154,19163.969,44.924747
Normal,130.16237,54.254135,0.4168189,25580.793,42.09204
Normal,105.361374,69.59258,0.6605132,19711.99,40.294342
Normal,112.00338,51.0967,0.45620677,24586.3,36.11049
Normal,160.08408,64.15541,0.40076074,22972.264,60.508953
Normal,128.729,58.12328,0.45151657,25495.215,48.32727
Normal,102.28653,54.89627,0.5366911,21915.71,53.235203
Normal,104.9166,74.69271,0.7119246,18620.004,43.20678
Normal,116.94078,69.947205,0.5981421,21722.744,51.965954
Normal,143.61346,57.7224,0.4019289,25080.93,48.58951
Normal,125.783714,64.28325,0.5110618,22573.041,43.521816
Normal,155.06854,65.04142,0.41943657,22969.092,33.95632
Normal,84.42534,85.103806,1.0080363,13988.212,51.956585
Normal,103.83878,59.14282,0.56956387,21880.47,45.252884
Normal,110.53004,64.8735,0.58693093,21248.217,38.86594
Normal,125.65888,56.454998,0.44927186,24672.05,50.224396
Normal,107.42579,73.228806,0.68166876,19134.838,42.808647
Normal,103.91162,39.848434,0.38348392,25074.086,26.56604
Normal,109.86854,72.560234,0.66042775,19372.07,41.324978
Normal,152.22139,54.4094,0.35743597,26504.883,41.759
Normal,116.92071,65.635124,0.5613644,21734.246,44.926785
Normal,114.799095,71.00066,0.6184776,20447.545,40.902424
Normal,141.7356,62.52045,0.4411062,25111.658,53.566177
Normal,132.72812,68.87565,0.5189228,22401.95,45.702217
Normal,178.39426,54.624443,0.30620068,22635.463,39.65303
Normal,116.08116,54.58318,0.47021565,24104.693,38.68358
Normal,141.15002,41.27897,0.29244748,28638.74,44.74459
Normal,120.55737,70.71934,0.58660316,20280.49,29.610582
Normal,99.49353,64.14096,0.6446747,19897.54,48.403316
Normal,104.64095,79.16846,0.7565724,17137.855,38.34449
Normal,101.17696,64.40649,0.63657266,19893.887,48.52748
Normal,160.91028,59.305805,0.36856443,24273.59,53.000156
Normal,129.30565,68.10827,0.5267231,22212.617,31.288214
Normal,122.077774,68.988,0.56511515,22425.582,53.431953
Normal,145.72041,52.676483,0.36149007,26605.334,44.971947
Normal,136.5512,64.385376,0.4715109,23220.496,35.930355
Normal,117.82928,69.21713,0.5874358,20983.959,35.990273
Normal,104.02143,63.561886,0.6110461,20505.094,42.55894
Normal,158.09978,65.64756,0.41522866,22433.254,62.508728
Normal,144.68729,41.2863,0.2853485,28883.828,26.55611
Normal,140.62073,66.72602,0.47451055,22527.775,34.703243
Normal,128.7826,48.779972,0.37877768,26457.723,36.26928
Normal,111.26044,31.770004,0.28554627,26797.236,21.986917
Normal,147.0828,71.33322,0.48498684,21575.354,46.585
Normal,121.29312,64.59982,0.53259265,22741.225,66.72017
Normal,113.95394,66.81038,0.5862928,20667.38,44.53636
Normal,153.81781,51.01357,0.3316493,27156.482,47.403687
Normal,117.1354,71.30394,0.6087309,20579.283,40.09842
Normal,158.24588,68.329315,0.43179205,22003.08,50.0609
Normal,133.91956,74.15752,0.55374676,20615.543,36.83681
Normal,146.50494,57.994717,0.395855,25936.383,35.039196
Normal,117.03864,68.7379,0.5873094,21262.637,33.332504
Normal,120.55834,55.508083,0.46042508,24392.338,53.874084
Normal,101.1843,73.48461,0.72624516,18804.566,48.880234
Normal,168.04407,70.1496,0.41744763,19713.094,27.73861
Normal,110.449326,69.457245,0.6288608,20504.543,46.9273
Normal,169.08257,60.9926,0.3607267,22530.152,36.778347
Normal,179.47997,48.096764,0.26797846,24475.389,46.380787
Normal,111.447716,31.412233,0.28185624,26802.709,22.128633
Normal,99.63661,39.21104,0.39354047,23917.62,28.786474
Normal,132.5348,50.43742,0.3805598,26367.111,62.599632
Normal,140.6503,74.74902,0.531453,20520.793,28.256605
Normal,114.94011,60.477043,0.5261614,22938.225,41.79032
Normal,135.05748,73.52506,0.5443983,20484.18,38.245804
Normal,130.05034,48.16437,0.37035176,27032.441,51.056282
Normal,120.79763,60.20715,0.49841332,24812.059,43.413696
Normal,99.79967,73.79058,0.73938704,18063.13,44.055996
Normal,117.58638,62.428646,0.53091735,22823.152,35.65431
Normal,113.799,71.790565,0.63085407,19871.283,47.62422
Normal,153.64616,48.94681,0.3185684,27162.797,57.26667
Normal,112.35486,63.883884,0.56859034,22280.764,55.43538
Normal,158.81506,65.93166,0.41514742,22956.404,58.942406
Normal,125.98714,63.066475,0.5005787,22950.045,32.948837
Normal,111.819565,62.132313,0.55564797,22879.775,33.746685
Normal,136.12741,68.08648,0.5001673,22449.117,32.360977
Normal,135.91031,71.78157,0.52815396,21513.355,32.95973
Normal,112.781006,71.33363,0.6324969,20044.885,38.904213
Normal,126.29896,68.34121,0.5411067,21798.984,39.58221
Normal,130.08969,74.70891,0.5742877,20791.379,31.590687
Normal,104.3622,65.650536,0.6290643,19941.523,45.895214
Normal,92.293465,70.532295,0.7642177,17301.252,53.990234
Normal,106.69612,68.521324,0.64221007,19933.072,38.85078
Normal,136.36662,66.7155,0.4892363,22969.76,73.61352
Normal,111.94066,71.1689,0.6357735,20179.256,38.482883
Normal,131.89365,62.94517,0.47724187,23408.738,40.02184
Normal,121.819435,65.95646,0.541428,21695.832,36.692303
Normal,102.814064,40.891747,0.39772522,24879.043,24.63642
Normal,99.25795,63.490253,0.63964903,19504.668,42.58636
Normal,136.93527,67.22583,0.49093145,22437.836,60.336716
Normal,127.107994,71.03806,0.5588796,21333.764,35.73984
Normal,169.92476,47.284763,0.2782688,26406.44,32.50859
Normal,158.16685,47.721165,0.30171406,27851.47,27.90336
Normal,172.0326,50.849586,0.29558113,24908.988,31.938282
Normal,119.27577,65.43835,0.54863065,21797.053,40.71878
Normal,133.99213,58.701145,0.438094,25586.1,44.30827
Normal,127.50544,68.57602,0.5378282,22028.979,40.264446
COVID,145.89685,51.816635,0.35515937,27287.674,27.965117
COVID,148.21422,65.08138,0.4391035,23562.754,44.149216
COVID,173.97772,54.045704,0.31064728,24152.58,46.17367
COVID,133.25508,44.188396,0.33160758,28501.309,23.092758
COVID,138.80002,53.86935,0.38810766,26441.016,36.26481
COVID,143.03413,62.204933,0.43489572,24199.855,57.777897
COVID,139.30579,54.2036,0.389098,25885.773,43.16935
COVID,145.58235,35.87976,0.2464568,29615.664,22.14216
COVID,155.08638,52.020996,0.3354324,26460.62,41.4488
COVID,136.55344,75.35696,0.5518496,20243.252,29.114195
COVID,62.413845,20.23298,0.32417455,15169.647,13.43141
COVID,142.27916,51.68432,0.36325994,26343.38,40.786076
COVID,135.8468,54.558567,0.40161833,26433.027,40.180466
COVID,137.10738,67.54727,0.49265966,23363.441,51.81156
COVID,138.58649,57.491413,0.4148414,25206.322,37.932053
COVID,162.13885,31.117952,0.19192162,30198.621,22.75861
COVID,139.27695,59.90494,0.43011382,25210.049,40.062046
COVID,143.81761,45.894924,0.31911895,28182.424,40.451977
COVID,131.2438,63.913765,0.486985,24003.672,57.988766
COVID,149.67194,40.4656,0.27036196,29040.121,19.275032
COVID,163.40555,76.048386,0.46539658,19580.797,35.480267
COVID,156.41791,44.063866,0.281706,28234.5,30.208805
COVID,95.6425,43.777714,0.4577224,22581.186,31.274748
COVID,154.48001,39.887424,0.25820443,29057.002,31.371168
COVID,182.85544,58.202946,0.31830034,22018.793,41.42518
COVID,125.60586,87.78009,0.6988535,17865.572,44.46643
COVID,145.66496,56.031822,0.38466233,25565.877,33.29843
COVID,161.72543,63.659744,0.39362854,23016.02,35.360756
COVID,109.65463,43.41753,0.395948,24999.527,20.367582
COVID,155.54857,33.96437,0.21835218,29904.281,34.662975
COVID,148.03886,23.11604,0.15614845,31416.12,28.639
COVID,113.71266,93.79878,0.8248754,15119.24,47.880848
COVID,150.40715,58.9466,0.39191356,25539.363,34.141148
COVID,105.70506,20.720837,0.19602501,26371.27,23.555794
COVID,146.03632,54.931114,0.37614694,25463.729,27.267807
COVID,144.13931,37.08208,0.25726557,29280.838,35.841976
COVID,135.06937,58.367954,0.43213317,25054.734,37.28942
COVID,140.91771,77.82809,0.55229455,21124.322,31.22616
COVID,138.28206,54.04526,0.3908335,24981.098,21.369928
COVID,147.53741,59.759304,0.4050451,25021.7,31.26534
COVID,159.19409,73.054886,0.4589045,20912.898,57.324333
COVID,156.90964,38.44959,0.24504288,29166.438,28.23612
COVID,182.20297,42.263947,0.2319608,25293.447,19.576654
COVID,147.4572,73.908195,0.50121796,20360.64,44.508263
COVID,167.74857,48.946014,0.29178202,26034.662,39.86644
COVID,135.66426,44.440083,0.32757398,27386.148,33.78567
COVID,146.58093,63.138985,0.43074486,24114.844,45.442574
COVID,132.9902,68.64807,0.5161889,23545.299,43.33354
COVID,108.64371,75.62914,0.6961208,20088.506,58.027004
COVID,102.07847,71.54706,0.7009025,19395.484,47.945724
COVID,162.46204,73.804794,0.4542895,18743.143,25.491936
COVID,143.41809,41.926323,0.29233637,28697.717,34.78796
COVID,131.14699,44.05654,0.33593255,27327.355,28.07155
COVID,169.12344,67.39804,0.39851388,20976.498,37.12781
COVID,141.32826,29.153013,0.20627873,30243.084,23.917969
COVID,153.96219,81.389534,0.52863324,18319.498,42.2182
COVID,116.937935,69.00926,0.5901358,22549.125,60.60972
COVID,162.65562,66.93109,0.41148955,21503.09,32.466248
COVID,148.04572,52.351463,0.35361686,26366.863,31.753466
COVID,148.4813,47.826824,0.32210672,27287.438,29.716484
COVID,158.09264,78.81995,0.49856812,18762.08,71.56153
COVID,105.88124,65.928276,0.6226625,20425.23,26.222383
COVID,135.101,32.753616,0.242438,29415.59,28.677326
COVID,157.7328,44.983227,0.28518626,27476.402,31.985632
COVID,138.72453,56.12206,0.40455756,26964.848,34.283043
COVID,82.441795,43.694836,0.5300083,19618.92,38.136734
COVID,137.61005,55.185585,0.40102875,26424.844,31.604519
COVID,99.16232,47.668343,0.48071024,22004.773,36.19698
COVID,152.36047,33.699444,0.22118233,30181.834,25.022923
COVID,144.1766,70.33516,0.4878403,22188.055,49.010914
COVID,140.27675,80.69831,0.5752793,19284.477,52.18014
COVID,116.68222,68.461494,0.5867346,22140.73,34.575443
COVID,130.86551,76.223595,0.5824575,19623.42,103.81731
COVID,135.98196,55.551403,0.40852037,25612.55,44.695717
COVID,153.65831,61.273285,0.39876324,24576.982,37.005093
COVID,174.10779,74.16949,0.42599753,19286.088,57.98137
COVID,93.84719,48.454178,0.5163093,21831.066,29.3718
COVID,156.5574,87.4835,0.55879503,15094.63,50.157566
COVID,136.082,51.883926,0.38126957,26343.352,32.658924
COVID,127.994225,56.832153,0.44402122,25362.621,36.03272
COVID,152.76541,45.930626,0.30066115,28303.238,20.603241
COVID,124.102974,68.06467,0.54845315,22775.781,33.19775
COVID,134.65681,53.874943,0.40009072,25720.352,32.528774
COVID,91.144325,49.66336,0.544887,20986.676,34.57932
COVID,102.86919,46.80567,0.45500186,23367.496,32.681286
COVID,174.84454,62.164,0.3555387,21437.543,38.63954
COVID,129.89078,66.17956,0.5095016,24418.219,39.761284
COVID,174.22972,60.105915,0.34498084,22035.611,39.545998
COVID,169.4107,76.78444,0.45324433,18855.148,42.24215
COVID,170.24985,36.487545,0.21431763,28320.824,26.6205
COVID,92.99518,42.301723,0.45488083,22006.871,34.258488
COVID,178.11751,70.742645,0.3971684,18635.682,55.92851
COVID,151.57341,33.781197,0.2228702,30053.148,20.02415
COVID,108.467575,71.18275,0.6562583,21301.807,49.85178
COVID,151.52448,54.83198,0.3618688,24663.785,23.52286
COVID,133.75598,57.062576,0.426617,25482.969,36.585503
COVID,141.6932,53.400425,0.37687358,26445.152,39.84384
COVID,122.431015,52.90259,0.43210122,25333.617,34.633274
COVID,133.84998,33.32386,0.24896426,29564.09,22.515846
COVID,148.77072,53.852535,0.36198342,26223.553,27.442953
